{"cameraMode":{"drawMode":0,"name":"Shaded","section":"Shading Mode"},"sceneLighting":false,"audioPlay":false,"sceneViewState":{"showFog":true,"showMaterialUpdate":false,"showSkybox":false,"showFlares":true,"showImageEffects":true,"showParticleSystems":true,"showVisualEffectGraphs":true,"m_FxEnabled":true},"in2DMode":false,"pivot":{"x":-0.059999942779541019,"y":0.38999998569488528,"z":27.739999771118165},"rotation":{"x":-0.05905895307660103,"y":-0.9344780445098877,"z":0.18487180769443513,"w":-0.2985849678516388},"size":1.6322932243347169,"orthographic":false}