{"cameraMode":{"drawMode":0,"name":"Shaded","section":"Shading Mode"},"sceneLighting":false,"audioPlay":false,"sceneViewState":{"showFog":true,"showMaterialUpdate":false,"showSkybox":false,"showFlares":true,"showImageEffects":true,"showParticleSystems":true,"showVisualEffectGraphs":true,"m_FxEnabled":true},"in2DMode":false,"pivot":{"x":30.618146896362306,"y":0.3118997812271118,"z":26.309799194335939},"rotation":{"x":-0.05905895307660103,"y":-0.9344780445098877,"z":0.18487180769443513,"w":-0.2985849678516388},"size":1.4660253524780274,"orthographic":false}