{"cameraMode":{"drawMode":0,"name":"Shaded","section":"Shading Mode"},"sceneLighting":true,"audioPlay":false,"sceneViewState":{"showFog":true,"showMaterialUpdate":false,"showSkybox":true,"showFlares":true,"showImageEffects":true,"showParticleSystems":true,"showVisualEffectGraphs":true,"m_FxEnabled":true},"in2DMode":false,"pivot":{"x":-12.417696952819825,"y":1.4208507537841797,"z":11.127758026123047},"rotation":{"x":-0.23345832526683808,"y":-0.037330884486436847,"z":0.008969811722636223,"w":-0.9716094136238098},"size":25.955278396606447,"orthographic":false}